domain	mediabias_proscience	mediabias_questionblesources	mediabias_conspiracy_psydoscience
Covid.gov	1.0	0.0	0.0
Drugs.com	1.0	0.0	0.0
News-Medical.net	1.0	0.0	0.0
SciTechDaily.com	1.0	0.0	0.0
aaas.org	1.0	0.0	0.0
aap.org	1.0	0.0	0.0
adaa.org	1.0	0.0	0.0
aip.org	1.0	0.0	0.0
airspacemag.com	1.0	0.0	0.0
ajaonline.org	1.0	0.0	0.0
ajph.aphapublications.org	1.0	0.0	0.0
allianceforscience.cornell.edu	1.0	0.0	0.0
ama-assn.org	1.0	0.0	0.0
americanscientist.org	1.0	0.0	0.0
apa.org	1.0	0.0	0.0
aps.org	1.0	0.0	0.0
apsa.org	1.0	0.0	0.0
archaeology.org	1.0	0.0	0.0
astronomy.com	1.0	0.0	0.0
autisticadvocacy.org	1.0	0.0	0.0
bio.org	1.0	0.0	0.0
biomedcentral.com	1.0	0.0	0.0
biospace.com	1.0	0.0	0.0
bmj.com	1.0	0.0	0.0
britannica.com	1.0	0.0	0.0
cancer.org	1.0	0.0	0.0
carbonbrief.org	1.0	0.0	0.0
cdc.gov	1.0	0.0	0.0
climateactiontracker.org	1.0	0.0	0.0
climatecentral.org	1.0	0.0	0.0
climatefeedback.org	1.0	0.0	0.0
climatesciencewatch.org	1.0	0.0	0.0
cochrane.org	1.0	0.0	0.0
consumerlab.com	1.0	0.0	0.0
contagionlive.com	1.0	0.0	0.0
cosmosmagazine.com	1.0	0.0	0.0
disabilityscoop.com	1.0	0.0	0.0
discovermagazine.com	1.0	0.0	0.0
earthsky.org	1.0	0.0	0.0
eurekalert.org	1.0	0.0	0.0
everydayhealth.com	1.0	0.0	0.0
examine.com	1.0	0.0	0.0
fas.org	1.0	0.0	0.0
frontiersin.org	1.0	0.0	0.0
futurism.com	1.0	0.0	0.0
genengnews.com	1.0	0.0	0.0
geneticliteracyproject.org	1.0	0.0	0.0
healio.com	1.0	0.0	0.0
healthaffairs.org	1.0	0.0	0.0
healthdata.org	1.0	0.0	0.0
healthfeedback.org	1.0	0.0	0.0
healthline.com	1.0	0.0	0.0
hopkinsmedicine.org	1.0	0.0	0.0
ieee.org	1.0	0.0	0.0
insidescience.org	1.0	0.0	0.0
iop.org	1.0	0.0	0.0
ipcc.ch	1.0	0.0	0.0
irena.org	1.0	0.0	0.0
ispp.org	1.0	0.0	0.0
issues.org	1.0	0.0	0.0
journal.frontiersin.org	1.0	0.0	0.0
journals.sagepub.com	1.0	0.0	0.0
jstor.org	1.0	0.0	0.0
livescience.com	1.0	0.0	0.0
lung.org	1.0	0.0	0.0
mayoclinic.org	1.0	0.0	0.0
medicalnewstoday.com	1.0	0.0	0.0
medicalxpress.com	1.0	0.0	0.0
medpagetoday.com	1.0	0.0	0.0
medscape.com	1.0	0.0	0.0
mentaldaily.com	1.0	0.0	0.0
nasa.gov	1.0	0.0	0.0
nationalacademyofsciences.org	1.0	0.0	0.0
nationalgeographic.com	1.0	0.0	0.0
nature.com	1.0	0.0	0.0
nautil.um	1.0	0.0	0.0
ncbi.nlm.nih.gov	1.0	0.0	0.0
ncdc.noaa.gov	1.0	0.0	0.0
nejm.org	1.0	0.0	0.0
neurosciencenews.com	1.0	0.0	0.0
newatlas.com	1.0	0.0	0.0
newhumanist.org.uk	1.0	0.0	0.0
newscientist.com	1.0	0.0	0.0
nextbigfuture.com	1.0	0.0	0.0
nextobserver.com	1.0	0.0	0.0
nih.gov	1.0	0.0	0.0
noaa.gov	1.0	0.0	0.0
oceana.org	1.0	0.0	0.0
paho.org	1.0	0.0	0.0
phys.org	1.0	0.0	0.0
plos.org	1.0	0.0	0.0
pnas.org	1.0	0.0	0.0
popsci.com	1.0	0.0	0.0
popularmechanics.com	1.0	0.0	0.0
psychcentral.com	1.0	0.0	0.0
psychologytoday.com	1.0	0.0	0.0
psypost.org	1.0	0.0	0.0
public.wmo	1.0	0.0	0.0
quackwatch.org	1.0	0.0	0.0
quantamagazine.org	1.0	0.0	0.0
randi.org	1.0	0.0	0.0
realclearscience.com	1.0	0.0	0.0
realclimate.org	1.0	0.0	0.0
researchgate.net	1.0	0.0	0.0
resourcewatch.org	1.0	0.0	0.0
retractionwatch.com	1.0	0.0	0.0
scicentral.com	1.0	0.0	0.0
science.energy.gov	1.0	0.0	0.0
science.org	1.0	0.0	0.0
sciencealert.com	1.0	0.0	0.0
sciencebasedmedicine.org	1.0	0.0	0.0
scienceblogs.com	1.0	0.0	0.0
sciencedaily.com	1.0	0.0	0.0
sciencedirect.com	1.0	0.0	0.0
sciencefeedback.co	1.0	0.0	0.0
sciencehistory.org	1.0	0.0	0.0
scienceillustrated.com.au	1.0	0.0	0.0
sciencemediacentre.org	1.0	0.0	0.0
sciencenews.org	1.0	0.0	0.0
scientificamerican.com	1.0	0.0	0.0
scripps.ucsd.edu	1.0	0.0	0.0
seeker.com	1.0	0.0	0.0
significancemagazine.com	1.0	0.0	0.0
singularityhub.com	1.0	0.0	0.0
sites.agu.org	1.0	0.0	0.0
skepdic.com	1.0	0.0	0.0
skeptic.com	1.0	0.0	0.0
skepticalinquirer.org	1.0	0.0	0.0
skepticalraptor.com	1.0	0.0	0.0
skepticalscience.com	1.0	0.0	0.0
skeptics.com.au	1.0	0.0	0.0
skeptoid.com	1.0	0.0	0.0
skyandtelescope.com	1.0	0.0	0.0
smithsonianmag.com	1.0	0.0	0.0
societyforscience.org	1.0	0.0	0.0
space.com	1.0	0.0	0.0
technologyreview.com	1.0	0.0	0.0
techxplore.com	1.0	0.0	0.0
the-scientist.com	1.0	0.0	0.0
thelancet.com	1.0	0.0	0.0
thelogicofscience.com	1.0	0.0	0.0
understandrealitythroughscience.blogspot.com	1.0	0.0	0.0
universetoday.com	1.0	0.0	0.0
vaxopedia.org	1.0	0.0	0.0
verywell.com	1.0	0.0	0.0
verywellfamily.com	1.0	0.0	0.0
watchers.news	1.0	0.0	0.0
webmd.com	1.0	0.0	0.0
who.int	1.0	0.0	0.0
zmescience.com	1.0	0.0	0.0
100percentfedup.com	0.0	1.0	0.0
12minutos.com	0.0	1.0	0.0
2020conservative.com	0.0	1.0	0.0
24Jours.com	0.0	1.0	0.0
4Chan.org	0.0	1.0	0.0
AbcBusinessNews.com	0.0	1.0	0.0
Acting-man.com	0.0	1.0	0.0
BDnews24.com	0.0	1.0	0.0
Blacknews.com	0.0	1.0	0.0
Bongino.com	0.0	1.0	0.0
Breakingnews247.net	0.0	1.0	0.0
C19aspirin.com	0.0	1.0	0.0
C19bromhexine.com	0.0	1.0	0.0
C19budesonide.com	0.0	1.0	0.0
C19colchicine.com	0.0	1.0	0.0
C19curcumin.com	0.0	1.0	0.0
C19favipiravir.com	0.0	1.0	0.0
C19fluvoxamine.com	0.0	1.0	0.0
C19hcq.com	0.0	1.0	0.0
C19ic.com	0.0	1.0	0.0
C19ivermectin.com	0.0	1.0	0.0
C19melatonin.com	0.0	1.0	0.0
C19mp.com	0.0	1.0	0.0
C19nitazoxanide.com	0.0	1.0	0.0
C19ns.com	0.0	1.0	0.0
C19pvpi.com	0.0	1.0	0.0
C19regn.com	0.0	1.0	0.0
Constative.com	0.0	1.0	0.0
DailyBoulder.com	0.0	1.0	0.0
DavidHarrisJr.com	0.0	1.0	0.0
DiamondandSilkinc.com	0.0	1.0	0.0
Evil.News	0.0	1.0	0.0
FL24.net	0.0	1.0	0.0
Ghost.Report	0.0	1.0	0.0
Gript.ie	0.0	1.0	0.0
Grunge.com	0.0	1.0	0.0
Gucmakale.com	0.0	1.0	0.0
Hannity.com	0.0	1.0	0.0
Katehon.com	0.0	1.0	0.0
Kokomostandard.com	0.0	1.0	0.0
Lafayettetimes.com	0.0	1.0	0.0
MSMLies.com	0.0	1.0	0.0
NPR.News	0.0	1.0	0.0
News.cn	0.0	1.0	0.0
Newsservis.com	0.0	1.0	0.0
Populist.Press	0.0	1.0	0.0
Revolver.News	0.0	1.0	0.0
RushLimbaugh.com	0.0	1.0	0.0
Sohu.com	0.0	1.0	0.0
ThePoliticalBrief.com	0.0	1.0	0.0
TheSpectator.info	0.0	1.0	0.0
ToddStarnes.com	0.0	1.0	0.0
UncoverDC.com	0.0	1.0	0.0
UsLibertyWire.club	0.0	1.0	0.0
UsRight-Left.com	0.0	1.0	0.0
WayneDupree.com	0.0	1.0	0.0
WhatRegistrater.com	0.0	1.0	0.0
WorldGreyNews.com	0.0	1.0	0.0
YourNews.com	0.0	1.0	0.0
aapsonline.org	0.0	1.0	0.0
acpeds.org	0.0	1.0	0.0
activistmommy.com	0.0	1.0	0.0
adamscountytimes.com	0.0	1.0	0.0
adareporter.com	0.0	1.0	0.0
adflegal.org	0.0	1.0	0.0
afa.net	0.0	1.0	0.0
albanystandard.com	0.0	1.0	0.0
albawaba.com	0.0	1.0	0.0
allnewspipeline.com	0.0	1.0	0.0
almasdarnews.com	0.0	1.0	0.0
alohastatenews.com	0.0	1.0	0.0
alphanewsmn.com	0.0	1.0	0.0
america.cgtn.com	0.0	1.0	0.0
americadaily.com	0.0	1.0	0.0
americamaxnews.com	0.0	1.0	0.0
americanactionnews.com	0.0	1.0	0.0
americanconservativemedia.com	0.0	1.0	0.0
americanconservativemovement.com	0.0	1.0	0.0
americangulag.org	0.0	1.0	0.0
americanlibertyreport.com	0.0	1.0	0.0
americanlookout.com	0.0	1.0	0.0
americanpatriotdaily.com	0.0	1.0	0.0
americanpeopledaily.com	0.0	1.0	0.0
americanprinciplesproject.org	0.0	1.0	0.0
americansarepissed.com	0.0	1.0	0.0
americansfortruth.com	0.0	1.0	0.0
americanthinker.com	0.0	1.0	0.0
americantruthtoday.com	0.0	1.0	0.0
americasfreedomfighters.com	0.0	1.0	0.0
americasnewssource.com	0.0	1.0	0.0
amestoday.com	0.0	1.0	0.0
amren.com	0.0	1.0	0.0
analyzingamerica.org	0.0	1.0	0.0
andersonreporter.com	0.0	1.0	0.0
angrypatriotmovement.net	0.0	1.0	0.0
antelopevalleytoday.com	0.0	1.0	0.0
arabnews.com	0.0	1.0	0.0
archaeology-world.com	0.0	1.0	0.0
athensreporter.com	0.0	1.0	0.0
atlstandard.com	0.0	1.0	0.0
auburntimes.com	0.0	1.0	0.0
avoiceformen.com	0.0	1.0	0.0
awm.com	0.0	1.0	0.0
backroombuzz.com	0.0	1.0	0.0
baldwintimes.com	0.0	1.0	0.0
barenakedislam.com	0.0	1.0	0.0
basnews.com	0.0	1.0	0.0
batonrougereporter.com	0.0	1.0	0.0
bb4sp.com	0.0	1.0	0.0
beachbroadcastnews.com	0.0	1.0	0.0
beckernews.com	0.0	1.0	0.0
beforeitsnews.com	0.0	1.0	0.0
bentontimes.com	0.0	1.0	0.0
bestdailynews.info	0.0	1.0	0.0
bigislandtimes.com	0.0	1.0	0.0
bigleaguepolitics.com	0.0	1.0	0.0
billionbibles.org	0.0	1.0	0.0
bipartisanreport.com	0.0	1.0	0.0
bitchute.com	0.0	1.0	0.0
bjreview.com	0.0	1.0	0.0
blackeyepolitics.com	0.0	1.0	0.0
blackgenocide.org	0.0	1.0	0.0
blackpigeonspeaks.com	0.0	1.0	0.0
bloodandsoil.org	0.0	1.0	0.0
bloomingtonleader.com	0.0	1.0	0.0
bluegrasstimes.com	0.0	1.0	0.0
bluntforcetruth.com	0.0	1.0	0.0
boisecitywire.com	0.0	1.0	0.0
bossip.com	0.0	1.0	0.0
bowlinggreentoday.com	0.0	1.0	0.0
breaking911.com	0.0	1.0	0.0
breakingchristiannews.com	0.0	1.0	0.0
breakingfirst.com	0.0	1.0	0.0
breakingnewshouse.com	0.0	1.0	0.0
breakingwide.com	0.0	1.0	0.0
breitbart.com	0.0	1.0	0.0
brevardsun.com	0.0	1.0	0.0
bridgeporttimes.com	0.0	1.0	0.0
c19early.org	0.0	1.0	0.0
cair.com	0.0	1.0	0.0
caixinglobal.com	0.0	1.0	0.0
caldronpool.com	0.0	1.0	0.0
canadafreepress.com	0.0	1.0	0.0
cap-news.com	0.0	1.0	0.0
carbondalereporter.com	0.0	1.0	0.0
cdareporter.com	0.0	1.0	0.0
cedarrapidstoday.com	0.0	1.0	0.0
cei.org	0.0	1.0	0.0
centennialstatenews.com	0.0	1.0	0.0
centerforsecuritypolicy.com	0.0	1.0	0.0
centralbrowardnews.com	0.0	1.0	0.0
centralcoloradonews.com	0.0	1.0	0.0
centralgeorgianews.com	0.0	1.0	0.0
centralidahotimes.com	0.0	1.0	0.0
centraliowatimes.com	0.0	1.0	0.0
centrallousiananews.com	0.0	1.0	0.0
centraloctimes.com	0.0	1.0	0.0
cernovich.com	0.0	1.0	0.0
chambabasun.com	0.0	1.0	0.0
chicagocitywire.com	0.0	1.0	0.0
chicagodaily.pro	0.0	1.0	0.0
chicotimes.com	0.0	1.0	0.0
chinadaily.com.cn	0.0	1.0	0.0
christianaction.org	0.0	1.0	0.0
churchmilitant.com	0.0	1.0	0.0
citizensjournal.us	0.0	1.0	0.0
clarionproject.org	0.0	1.0	0.0
clashdaily.com	0.0	1.0	0.0
claycotimes.com	0.0	1.0	0.0
cloverchronicle.com	0.0	1.0	0.0
cnsnews.com	0.0	1.0	0.0
coachellatoday.com	0.0	1.0	0.0
coastalganews.com	0.0	1.0	0.0
cobbreporter.com	0.0	1.0	0.0
coconinonews.com	0.0	1.0	0.0
columbusstandard.com	0.0	1.0	0.0
concernedwomen.org	0.0	1.0	0.0
conservapedia.com	0.0	1.0	0.0
conservativebeaver.com	0.0	1.0	0.0
conservativedailynews.com	0.0	1.0	0.0
conservativedailypost.com	0.0	1.0	0.0
conservativefiringline.com	0.0	1.0	0.0
conservativefreepress.com	0.0	1.0	0.0
conservativematrix.com	0.0	1.0	0.0
conservativepapers.com	0.0	1.0	0.0
conservativeplaylist.com	0.0	1.0	0.0
conservativepost.com	0.0	1.0	0.0
constitutionstatenews.com	0.0	1.0	0.0
corona-transition.com	0.0	1.0	0.0
councilforthenationalinterest.org	0.0	1.0	0.0
cowgernation.org	0.0	1.0	0.0
dagospia.org	0.0	1.0	0.0
dailybuzzlive.org	0.0	1.0	0.0
dailyheadlines.net	0.0	1.0	0.0
dailymail.co.uk	0.0	1.0	0.0
dailypoliticalnewswire.com	0.0	1.0	0.0
dailystar.co.uk	0.0	1.0	0.0
dailystormer.name	0.0	1.0	0.0
dailysurge.com	0.0	1.0	0.0
dcbluedot.com	0.0	1.0	0.0
dcclothesline.com	0.0	1.0	0.0
dcdirtylaundry.com	0.0	1.0	0.0
de.rt.com	0.0	1.0	0.0
debka.com	0.0	1.0	0.0
decaturtimes.com	0.0	1.0	0.0
deepleftfield.info	0.0	1.0	0.0
defconnews.com	0.0	1.0	0.0
defendingtherepublic.org	0.0	1.0	0.0
defiantamerica.com	0.0	1.0	0.0
dekalbganews.com	0.0	1.0	0.0
dekalbtimes.com	0.0	1.0	0.0
democrats.org	0.0	1.0	0.0
denvercitywire.com	0.0	1.0	0.0
deplorablekel.com	0.0	1.0	0.0
desmoinessun.com	0.0	1.0	0.0
digifection.com	0.0	1.0	0.0
discoverthenetworks.org	0.0	1.0	0.0
djhjmedia.com	0.0	1.0	0.0
dnyuz.com	0.0	1.0	0.0
dubuquetimes.com	0.0	1.0	0.0
dupagepolicyjournal.com	0.0	1.0	0.0
duvaltimes.com	0.0	1.0	0.0
eaglerising.com	0.0	1.0	0.0
eastalamedanews.com	0.0	1.0	0.0
eastarapahoenews.com	0.0	1.0	0.0
eastarizonanews.com	0.0	1.0	0.0
eastcentralreporter.com	0.0	1.0	0.0
eastcontracostanews.com	0.0	1.0	0.0
easthillsboroughnews.com	0.0	1.0	0.0
eastidahotimes.com	0.0	1.0	0.0
eastindynews.com	0.0	1.0	0.0
eastkentuckytimes.com	0.0	1.0	0.0
eastlittlerocktimes.com	0.0	1.0	0.0
eastlouisvillenews.com	0.0	1.0	0.0
eastpanhandlenews.com	0.0	1.0	0.0
eastpennyroyalnews.com	0.0	1.0	0.0
eastsandiegonews.com	0.0	1.0	0.0
eastsbvtimes.com	0.0	1.0	0.0
eastsfvtoday.com	0.0	1.0	0.0
eastsierranews.com	0.0	1.0	0.0
eastventuranews.com	0.0	1.0	0.0
eastvolusianews.com	0.0	1.0	0.0
eastwitchitatimes.com	0.0	1.0	0.0
ecalabamanews.com	0.0	1.0	0.0
ecgeorgianews.com	0.0	1.0	0.0
echocheck.org	0.0	1.0	0.0
ecindiananews.com	0.0	1.0	0.0
eciowanews.com	0.0	1.0	0.0
eckansasnews.com	0.0	1.0	0.0
economictimes.indiatimes.com	0.0	1.0	0.0
elizabethtowntimes.com	0.0	1.0	0.0
elkharttimes.com	0.0	1.0	0.0
emeraldcoasttimes.com	0.0	1.0	0.0
emirates247.com	0.0	1.0	0.0
en-volve.com	0.0	1.0	0.0
en.bbarta24.net	0.0	1.0	0.0
en.granma.cu	0.0	1.0	0.0
en.hawarnews.com	0.0	1.0	0.0
en.mehrnews.com	0.0	1.0	0.0
en.mercopress.com	0.0	1.0	0.0
en.metapedia.org	0.0	1.0	0.0
en.newsner.com	0.0	1.0	0.0
en.protothema.gr	0.0	1.0	0.0
en.radiovaticana.va	0.0	1.0	0.0
endthefed.com	0.0	1.0	0.0
eng.majalla.com	0.0	1.0	0.0
english.alarabiya.net	0.0	1.0	0.0
english.almanar.com.lb	0.0	1.0	0.0
english.cctv.com	0.0	1.0	0.0
europe-israel.org	0.0	1.0	0.0
everytown.org	0.0	1.0	0.0
explainlife.com	0.0	1.0	0.0
factcheckingturkey.com	0.0	1.0	0.0
factswanted.com	0.0	1.0	0.0
fairus.org	0.0	1.0	0.0
familysurvivalheadlines.com	0.0	1.0	0.0
fashthenation.com	0.0	1.0	0.0
fayettevillestandard.com	0.0	1.0	0.0
federalistpress.com	0.0	1.0	0.0
femalista.com	0.0	1.0	0.0
fibrohealthnews.com	0.0	1.0	0.0
filmingcops.com	0.0	1.0	0.0
firstinfreedomdaily.com	0.0	1.0	0.0
firststatetimes.com	0.0	1.0	0.0
flagandcross.com	0.0	1.0	0.0
floridaparishnews.com	0.0	1.0	0.0
focusonthefamily.com	0.0	1.0	0.0
foreignpolicyi.org	0.0	1.0	0.0
fortherightnews.com	0.0	1.0	0.0
fortsmithtimes.com	0.0	1.0	0.0
fr.sputniknews.com	0.0	1.0	0.0
fr24news.com	0.0	1.0	0.0
frankspeech.com	0.0	1.0	0.0
frc.org	0.0	1.0	0.0
free-speechfront.info	0.0	1.0	0.0
freedomfirstnetwork.com	0.0	1.0	0.0
freedomnewsreport.com	0.0	1.0	0.0
freetelegraph.com	0.0	1.0	0.0
freewestmedia.com	0.0	1.0	0.0
fresnoleader.com	0.0	1.0	0.0
friatider.se	0.0	1.0	0.0
front.moveon.org	0.0	1.0	0.0
frontpagemag.com	0.0	1.0	0.0
ftwaynetimes.com	0.0	1.0	0.0
gadsdentoday.com	0.0	1.0	0.0
galesburgreporter.com	0.0	1.0	0.0
gatestoneinstitute.org	0.0	1.0	0.0
gemstatewire.com	0.0	1.0	0.0
genzconservative.com	0.0	1.0	0.0
geologyin.com	0.0	1.0	0.0
georgiamountainnews.com	0.0	1.0	0.0
gettr.com	0.0	1.0	0.0
girlsjustwannahaveguns.com	0.0	1.0	0.0
globemagazine.com	0.0	1.0	0.0
gnews.org	0.0	1.0	0.0
godfatherpolitics.com	0.0	1.0	0.0
goldcountrytoday.com	0.0	1.0	0.0
goldenstatetoday.com	0.0	1.0	0.0
goodgopher.com	0.0	1.0	0.0
goodsciencing.com	0.0	1.0	0.0
gop.com	0.0	1.0	0.0
gop.gov	0.0	1.0	0.0
gopdailybrief.com	0.0	1.0	0.0
grainoftruth.ca	0.0	1.0	0.0
grandcanyontimes.com	0.0	1.0	0.0
grandjunctiontimes.com	0.0	1.0	0.0
greatamericandaily.com	0.0	1.0	0.0
greatamericanrepublic.com	0.0	1.0	0.0
greatreject.org	0.0	1.0	0.0
grundyreporter.com	0.0	1.0	0.0
gulfnews.com	0.0	1.0	0.0
hagmannreport.com	0.0	1.0	0.0
halturnerradioshow.com	0.0	1.0	0.0
hangthebankers.com	0.0	1.0	0.0
hartfordreporter.com	0.0	1.0	0.0
hawkeyereporter.com	0.0	1.0	0.0
headlineusa.com	0.0	1.0	0.0
headtopics.com	0.0	1.0	0.0
heartland.org	0.0	1.0	0.0
hereistheevidence.com	0.0	1.0	0.0
hernandoreporter.com	0.0	1.0	0.0
hoggwatch.com	0.0	1.0	0.0
home.nra.org	0.0	1.0	0.0
honolulureporter.com	0.0	1.0	0.0
hoosierstatetoday.com	0.0	1.0	0.0
hopkinsvilletimes.com	0.0	1.0	0.0
hotspringstimes.com	0.0	1.0	0.0
houmathibodauxnews.com	0.0	1.0	0.0
housatonicvalleynews.com	0.0	1.0	0.0
huntsvilleleader.com	0.0	1.0	0.0
hutchtoday.com	0.0	1.0	0.0
iharare.com	0.0	1.0	0.0
ihatethemedia.com	0.0	1.0	0.0
ihr.org	0.0	1.0	0.0
ihypocrite.net	0.0	1.0	0.0
illegalaliencrimereport.com	0.0	1.0	0.0
illicitinfo.com	0.0	1.0	0.0
illinoisvalleytimes.com	0.0	1.0	0.0
ilovemyfreedom.org	0.0	1.0	0.0
imowired.com	0.0	1.0	0.0
imperialcanews.com	0.0	1.0	0.0
independentsentinel.com	0.0	1.0	0.0
indystandard.com	0.0	1.0	0.0
infogalactic.com	0.0	1.0	0.0
informationliberation.com	0.0	1.0	0.0
informer.rs	0.0	1.0	0.0
infoscum.com	0.0	1.0	0.0
innerstrength.zone	0.0	1.0	0.0
interioralaskanews.com	0.0	1.0	0.0
iowacitytoday.com	0.0	1.0	0.0
ipatriot.com	0.0	1.0	0.0
it.sputniknews	0.0	1.0	0.0
ivmmeta.com	0.0	1.0	0.0
jacksonpurchasenews.com	0.0	1.0	0.0
jeffersonreporter.com	0.0	1.0	0.0
jocotoday.com	0.0	1.0	0.0
joerogan.com	0.0	1.0	0.0
jonesborotimes.com	0.0	1.0	0.0
journal-neo.org	0.0	1.0	0.0
judicialwatch.org	0.0	1.0	0.0
justthefacts.org	0.0	1.0	0.0
justthenews.com	0.0	1.0	0.0
kanecountyreporter.com	0.0	1.0	0.0
kankakeetimes.com	0.0	1.0	0.0
kauaisun.com	0.0	1.0	0.0
kcnawatch.org	0.0	1.0	0.0
kendallcountytimes.com	0.0	1.0	0.0
kentcountytoday.com	0.0	1.0	0.0
kentuckianatimes.com	0.0	1.0	0.0
kerncountytimes.com	0.0	1.0	0.0
keywestreporter.com	0.0	1.0	0.0
kingscountytimes.com	0.0	1.0	0.0
knightstemplarinternational.com	0.0	1.0	0.0
laharbornews.com	0.0	1.0	0.0
lakecountygazette.com	0.0	1.0	0.0
laketahoesun.com	0.0	1.0	0.0
lancastercourier.com	0.0	1.0	0.0
larimernews.com	0.0	1.0	0.0
lastfrontiernews.com	0.0	1.0	0.0
lastresistance.com	0.0	1.0	0.0
laxleader.com	0.0	1.0	0.0
leftaction.com	0.0	1.0	0.0
leftexposed.org	0.0	1.0	0.0
lewrockwell.com	0.0	1.0	0.0
libertybell.com	0.0	1.0	0.0
libertyhangout.org	0.0	1.0	0.0
libertytalk.fm	0.0	1.0	0.0
lifenews.com	0.0	1.0	0.0
lifesitenews.com	0.0	1.0	0.0
lindelltv.com	0.0	1.0	0.0
litchfieldhillstoday.com	0.0	1.0	0.0
littleappletimes.com	0.0	1.0	0.0
liveleak.com	0.0	1.0	0.0
londonwebnews.com	0.0	1.0	0.0
louderwithcrowder.com	0.0	1.0	0.0
louisvillecitywire.com	0.0	1.0	0.0
lowedeltanews.com	0.0	1.0	0.0
lucianne.com	0.0	1.0	0.0
maconreporter.com	0.0	1.0	0.0
macontimes.com	0.0	1.0	0.0
madworldnews.com	0.0	1.0	0.0
maga2020.us	0.0	1.0	0.0
magadailyreport.com	0.0	1.0	0.0
magicvalleytimes.com	0.0	1.0	0.0
mainstreamfakemedia.com	0.0	1.0	0.0
manateereview.com	0.0	1.0	0.0
marinleader.com	0.0	1.0	0.0
matsutimes.com	0.0	1.0	0.0
mauireporter.com	0.0	1.0	0.0
mchenrytimes.com	0.0	1.0	0.0
mcleancountytimes.com	0.0	1.0	0.0
meforum.org	0.0	1.0	0.0
memri.org	0.0	1.0	0.0
mena.org.eg	0.0	1.0	0.0
mercedtimes.com	0.0	1.0	0.0
metricmedianews.com	0.0	1.0	0.0
metroeastsun.com	0.0	1.0	0.0
metrolexnews.com	0.0	1.0	0.0
miamicourant.com	0.0	1.0	0.0
miamistandard.news	0.0	1.0	0.0
micdroppolitics.com	0.0	1.0	0.0
middleamericandemocrat.com	0.0	1.0	0.0
mixi.media	0.0	1.0	0.0
mobilecourant.com	0.0	1.0	0.0
mohavetoday.com	0.0	1.0	0.0
mondoweiss.net	0.0	1.0	0.0
montereytimes.com	0.0	1.0	0.0
moonbattery.com	0.0	1.0	0.0
mtonews.com	0.0	1.0	0.0
munciereporter.com	0.0	1.0	0.0
myrightamerica.com	0.0	1.0	0.0
naplesstandard.com	0.0	1.0	0.0
natall.com	0.0	1.0	0.0
nationalenquirer.com	0.0	1.0	0.0
nationalinsiders.com	0.0	1.0	0.0
nationalrighttolifenews.org	0.0	1.0	0.0
nationalvanguard.org	0.0	1.0	0.0
naturalstatenews.com	0.0	1.0	0.0
naturecoasttimes.com	0.0	1.0	0.0
naugatucktimes.com	0.0	1.0	0.0
ncarkansasnews.com	0.0	1.0	0.0
ncfloridanews.com	0.0	1.0	0.0
ncgeorgianews.com	0.0	1.0	0.0
ncindiananews.com	0.0	1.0	0.0
nckansasnews.com	0.0	1.0	0.0
nckentuckynews.com	0.0	1.0	0.0
nealabamanews.com	0.0	1.0	0.0
neatlantanews.com	0.0	1.0	0.0
necalinews.com	0.0	1.0	0.0
necoloradonews.com	0.0	1.0	0.0
neconnnews.com	0.0	1.0	0.0
nefloridanews.com	0.0	1.0	0.0
neindiananews.com	0.0	1.0	0.0
neiowanews.com	0.0	1.0	0.0
nekansasnews.com	0.0	1.0	0.0
nekentuckynews.com	0.0	1.0	0.0
nesacramentonews.com	0.0	1.0	0.0
nevalleytimes.com	0.0	1.0	0.0
newnation.org	0.0	1.0	0.0
news18.com	0.0	1.0	0.0
newsammo.com	0.0	1.0	0.0
newsblaze.com	0.0	1.0	0.0
newsbreak.com	0.0	1.0	0.0
newsheist.com	0.0	1.0	0.0
newshourfirst.com	0.0	1.0	0.0
newsmax.com	0.0	1.0	0.0
newspunch.com	0.0	1.0	0.0
newspushed.com	0.0	1.0	0.0
newsready.com	0.0	1.0	0.0
newsrescue.com	0.0	1.0	0.0
newssloth.com	0.0	1.0	0.0
newsview.gr	0.0	1.0	0.0
newswars.com	0.0	1.0	0.0
newswithviews.com	0.0	1.0	0.0
noqreport.com	0.0	1.0	0.0
nordicmonitor.com	0.0	1.0	0.0
northalaskanews.com	0.0	1.0	0.0
northbirminghamtimes.com	0.0	1.0	0.0
northbluegrassnews.com	0.0	1.0	0.0
northbrowardnews.com	0.0	1.0	0.0
northcoastcanews.com	0.0	1.0	0.0
northcooknews.com	0.0	1.0	0.0
northdsmnews.com	0.0	1.0	0.0
northegyptnews.com	0.0	1.0	0.0
northfultontoday.com	0.0	1.0	0.0
northgwinnettnews.com	0.0	1.0	0.0
northidahotimes.com	0.0	1.0	0.0
northindynews.com	0.0	1.0	0.0
northinlandnews.com	0.0	1.0	0.0
northiowareporter.com	0.0	1.0	0.0
northjeffconews.com	0.0	1.0	0.0
northkentuckynews.com	0.0	1.0	0.0
northlaketimes.com	0.0	1.0	0.0
northlittlerocktimes.com	0.0	1.0	0.0
northmianews.com	0.0	1.0	0.0
northnewcastlenews.com	0.0	1.0	0.0
northoctimes.com	0.0	1.0	0.0
northorlandonews.com	0.0	1.0	0.0
northpalmbeachtoday.com	0.0	1.0	0.0
northpanhandlenews.com	0.0	1.0	0.0
northpimanews.com	0.0	1.0	0.0
northpinellasnews.com	0.0	1.0	0.0
northsactoday.com	0.0	1.0	0.0
northsfvtoday.com	0.0	1.0	0.0
northsgvnews.com	0.0	1.0	0.0
northwichitanews.com	0.0	1.0	0.0
notallowedto.com	0.0	1.0	0.0
now8news.com	0.0	1.0	0.0
nowthisnews.com	0.0	1.0	0.0
nrlc.org	0.0	1.0	0.0
ntd.tv	0.0	1.0	0.0
nwalabamanews.com	0.0	1.0	0.0
nwarkansasnews.com	0.0	1.0	0.0
nwatlantanews.com	0.0	1.0	0.0
nwconnnews.com	0.0	1.0	0.0
nwgeorgianews.com	0.0	1.0	0.0
nwillinoisnews.com	0.0	1.0	0.0
nwiowanews.com	0.0	1.0	0.0
nwkansasnews.com	0.0	1.0	0.0
nwkentuckynews.com	0.0	1.0	0.0
nwlatimes.com	0.0	1.0	0.0
nwriversidenews.com	0.0	1.0	0.0
nwvalleytimes.com	0.0	1.0	0.0
oaklandcitywire.com	0.0	1.0	0.0
oathkeepers.org	0.0	1.0	0.0
objectivist.co	0.0	1.0	0.0
ocalastandard.com	0.0	1.0	0.0
occupydemocrats.com	0.0	1.0	0.0
okeechobeetimes.com	0.0	1.0	0.0
origo.hu	0.0	1.0	0.0
orlandostandard.com	0.0	1.0	0.0
other98.com	0.0	1.0	0.0
outragedpatriot.com	0.0	1.0	0.0
overpassesforamerica.com	0.0	1.0	0.0
pacificpundit.com	0.0	1.0	0.0
palmcoasttimes.com	0.0	1.0	0.0
pamelageller.com	0.0	1.0	0.0
panamacityreporter.com	0.0	1.0	0.0
parler.com	0.0	1.0	0.0
pascoreporter.com	0.0	1.0	0.0
patriotfetch.com	0.0	1.0	0.0
patrioticviralnews.com	0.0	1.0	0.0
patriotjournal.org	0.0	1.0	0.0
patriotreport.com	0.0	1.0	0.0
pcmustdie.com	0.0	1.0	0.0
peachtreetimes.com	0.0	1.0	0.0
pensacolatimes.com	0.0	1.0	0.0
peoriastandard.com	0.0	1.0	0.0
perezhilton.com	0.0	1.0	0.0
personalinterpretation.com	0.0	1.0	0.0
phxreporter.com	0.0	1.0	0.0
pinaltoday.com	0.0	1.0	0.0
pinellastimes.com	0.0	1.0	0.0
pjmedia.com	0.0	1.0	0.0
pmnightlynews.com	0.0	1.0	0.0
pocatellotimes.com	0.0	1.0	0.0
political-discussion.com	0.0	1.0	0.0
politicalflare.com	0.0	1.0	0.0
politicalstate.org	0.0	1.0	0.0
politifact.news	0.0	1.0	0.0
polktimes.com	0.0	1.0	0.0
pop.org	0.0	1.0	0.0
powderedwigsociety.com	0.0	1.0	0.0
prageru.com	0.0	1.0	0.0
prairiestatewire.com	0.0	1.0	0.0
pravdareport.com	0.0	1.0	0.0
presscalifornia.com	0.0	1.0	0.0
presscorp.org	0.0	1.0	0.0
presstv.com	0.0	1.0	0.0
prntly.com	0.0	1.0	0.0
profam.org	0.0	1.0	0.0
projectveritas.com	0.0	1.0	0.0
protrumpnews.com	0.0	1.0	0.0
pulaskitimes.com	0.0	1.0	0.0
puppetstringnews.com	0.0	1.0	0.0
quillette.com	0.0	1.0	0.0
quincyreporter.com	0.0	1.0	0.0
rairfoundation.com	0.0	1.0	0.0
rationalground.com	0.0	1.0	0.0
rawconservativeopinions.com	0.0	1.0	0.0
realconservativesunite.com	0.0	1.0	0.0
rebelnews.com	0.0	1.0	0.0
redbluedivide.com	0.0	1.0	0.0
reddingtoday.com	0.0	1.0	0.0
redice.tv	0.0	1.0	0.0
redorbit.com	0.0	1.0	0.0
redstatewatcher.com	0.0	1.0	0.0
redvoicemedia.com	0.0	1.0	0.0
redwoodempirenews.com	0.0	1.0	0.0
reedcooper.net	0.0	1.0	0.0
reformedmedia.net	0.0	1.0	0.0
remnantnewspaper.com	0.0	1.0	0.0
renewamerica.com	0.0	1.0	0.0
renewedright.com	0.0	1.0	0.0
republicandaily.net	0.0	1.0	0.0
resistthemainsteam.org	0.0	1.0	0.0
rfangle.com	0.0	1.0	0.0
ria.ru	0.0	1.0	0.0
righterway.com	0.0	1.0	0.0
rightwingnews.com	0.0	1.0	0.0
ripostelaique.com	0.0	1.0	0.0
riverbendtimes.com	0.0	1.0	0.0
riverregiontimes.com	0.0	1.0	0.0
rockfordsun.com	0.0	1.0	0.0
rockislandtoday.com	0.0	1.0	0.0
roguereview.net	0.0	1.0	0.0
romereporter.com	0.0	1.0	0.0
rsbnetwork.com	0.0	1.0	0.0
rt.com	0.0	1.0	0.0
rudaw.net	0.0	1.0	0.0
rumble.com	0.0	1.0	0.0
ruptly.tv	0.0	1.0	0.0
russia-insider.com	0.0	1.0	0.0
ruthinstitute.org	0.0	1.0	0.0
sacramentostandard.com	0.0	1.0	0.0
salemnewswire.com	0.0	1.0	0.0
sandiegocitywire.com	0.0	1.0	0.0
sanfransun.com	0.0	1.0	0.0
sangamonsun.com	0.0	1.0	0.0
sanjoaquintimes.com	0.0	1.0	0.0
sanjosestandard.com	0.0	1.0	0.0
sanmateosun.com	0.0	1.0	0.0
santaclaratoday.com	0.0	1.0	0.0
santacruzstandard.com	0.0	1.0	0.0
sarasotareview.com	0.0	1.0	0.0
savannahstandard.com	0.0	1.0	0.0
scalaskanews.com	0.0	1.0	0.0
scconnnews.com	0.0	1.0	0.0
sciencetimes.com	0.0	1.0	0.0
sckansasnews.com	0.0	1.0	0.0
sealaskanews.com	0.0	1.0	0.0
searizonanews.com	0.0	1.0	0.0
seatlantanews.com	0.0	1.0	0.0
sebluegrassnews.com	0.0	1.0	0.0
secoloradonews.com	0.0	1.0	0.0
secondamendmentdaily.com	0.0	1.0	0.0
seconnnews.com	0.0	1.0	0.0
secureamericanow.org	0.0	1.0	0.0
sedenvernews.com	0.0	1.0	0.0
segeorgianews.com	0.0	1.0	0.0
seillinoisnews.com	0.0	1.0	0.0
seindiananews.com	0.0	1.0	0.0
seiowanews.com	0.0	1.0	0.0
sekansasnews.com	0.0	1.0	0.0
sekentuckynews.com	0.0	1.0	0.0
selatimes.com	0.0	1.0	0.0
sfvtoday.com	0.0	1.0	0.0
sgvstandard.com	0.0	1.0	0.0
shafaaq.com	0.0	1.0	0.0
shoalstoday.com	0.0	1.0	0.0
shtfplan.com	0.0	1.0	0.0
sickchirpse.com	0.0	1.0	0.0
silnews.com	0.0	1.0	0.0
siouxcitytimes.com	0.0	1.0	0.0
skepticink.com	0.0	1.0	0.0
sloreporter.com	0.0	1.0	0.0
smobserved.com	0.0	1.0	0.0
snanews.de	0.0	1.0	0.0
solanosun.com	0.0	1.0	0.0
sonsof1776.com	0.0	1.0	0.0
southafricatoday.net	0.0	1.0	0.0
southalabamatimes.com	0.0	1.0	0.0
southalamedanews.com	0.0	1.0	0.0
southatlantanews.com	0.0	1.0	0.0
southbayleader.com	0.0	1.0	0.0
southbaysdnews.com	0.0	1.0	0.0
southbendtimes.com	0.0	1.0	0.0
southbirminghamtimes.com	0.0	1.0	0.0
southbrowardnews.com	0.0	1.0	0.0
southcentralreporter.com	0.0	1.0	0.0
southcooknews.com	0.0	1.0	0.0
southdsmnews.com	0.0	1.0	0.0
southernindianatoday.com	0.0	1.0	0.0
southfultontoday.com	0.0	1.0	0.0
southgeorgiatimes.com	0.0	1.0	0.0
southgwinnettnews.com	0.0	1.0	0.0
southindynews.com	0.0	1.0	0.0
southiowanews.com	0.0	1.0	0.0
southjeffconews.com	0.0	1.0	0.0
southlaketoday.com	0.0	1.0	0.0
southmianews.com	0.0	1.0	0.0
southnewcastlenews.com	0.0	1.0	0.0
southoctimes.com	0.0	1.0	0.0
southorlandonews.com	0.0	1.0	0.0
southpalmbeachtoday.com	0.0	1.0	0.0
southpimanews.com	0.0	1.0	0.0
southpinellastimes.com	0.0	1.0	0.0
southsactoday.com	0.0	1.0	0.0
southsfbaynews.com	0.0	1.0	0.0
southsfvtoday.com	0.0	1.0	0.0
southsgvnews.com	0.0	1.0	0.0
southwichitanews.com	0.0	1.0	0.0
speech-point.com	0.0	1.0	0.0
springstimes.com	0.0	1.0	0.0
sputniknews.com	0.0	1.0	0.0
stanislausnews.com	0.0	1.0	0.0
staresattheworld.com	0.0	1.0	0.0
stateofthenation.co	0.0	1.0	0.0
steadfastandloyal.com	0.0	1.0	0.0
stfnreport.com	0.0	1.0	0.0
stonecoldtruth.com	0.0	1.0	0.0
stoppingsocialism.com	0.0	1.0	0.0
stpetestandard.com	0.0	1.0	0.0
strategic-culture.org	0.0	1.0	0.0
sumtertimes.com	0.0	1.0	0.0
sunflowerstatenews.com	0.0	1.0	0.0
sunshinesentinel.com	0.0	1.0	0.0
supportisraelnow.com	0.0	1.0	0.0
survivalblog.com	0.0	1.0	0.0
sussexreview.com	0.0	1.0	0.0
swalaskanews.com	0.0	1.0	0.0
swampdrain.com	0.0	1.0	0.0
swarajyamag.com	0.0	1.0	0.0
swarizonanews.com	0.0	1.0	0.0
swarkansastimes.com	0.0	1.0	0.0
swbluegrassnews.com	0.0	1.0	0.0
swcoloradonews.com	0.0	1.0	0.0
swconnnews.com	0.0	1.0	0.0
swgeorgianews.com	0.0	1.0	0.0
swillinoisnews.com	0.0	1.0	0.0
swindiananews.com	0.0	1.0	0.0
swiowatimes.com	0.0	1.0	0.0
swkansasnews.com	0.0	1.0	0.0
swriversidenews.com	0.0	1.0	0.0
swvalleytimes.com	0.0	1.0	0.0
syriana-analysis.com	0.0	1.0	0.0
takimag.com	0.0	1.0	0.0
tallahasseesun.com	0.0	1.0	0.0
tamparepublic.com	0.0	1.0	0.0
tasnimnews.com	0.0	1.0	0.0
tass.com	0.0	1.0	0.0
tbdailynews.com	0.0	1.0	0.0
teaparty.org	0.0	1.0	0.0
teapartypatriots.org	0.0	1.0	0.0
techstartups.com	0.0	1.0	0.0
teddystick.com	0.0	1.0	0.0
tehrantimes.com	0.0	1.0	0.0
telesurtv.net	0.0	1.0	0.0
tfp.org	0.0	1.0	0.0
theamericanmirror.net	0.0	1.0	0.0
thebeardedpatriot.net	0.0	1.0	0.0
thebeltwayreport.net	0.0	1.0	0.0
thebl.net	0.0	1.0	0.0
theblacksphere.net	0.0	1.0	0.0
theblaze.com	0.0	1.0	0.0
thebluestateconservative.com	0.0	1.0	0.0
thecoloradoherald.com	0.0	1.0	0.0
theconservativebrief.com	0.0	1.0	0.0
theconservativecentral.com	0.0	1.0	0.0
theconservativetreehouse.com	0.0	1.0	0.0
thecountersignal.com	0.0	1.0	0.0
thecovidworld.com	0.0	1.0	0.0
thedailybell.com	0.0	1.0	0.0
thedcgazette.com	0.0	1.0	0.0
thedcpatriot.com	0.0	1.0	0.0
thedesertreview.com	0.0	1.0	0.0
theduran.com	0.0	1.0	0.0
theepochtimes.com	0.0	1.0	0.0
thefederalist.com	0.0	1.0	0.0
thefederalistpapers.org	0.0	1.0	0.0
thefreedomtimes.com	0.0	1.0	0.0
thefreepatriot.org	0.0	1.0	0.0
thefrisky.com	0.0	1.0	0.0
thegatewaypundit.com	0.0	1.0	0.0
thegoodlordabove.com	0.0	1.0	0.0
thegrayzone.com	0.0	1.0	0.0
thehornnews.com	0.0	1.0	0.0
thelapost.com	0.0	1.0	0.0
thelaughclub.net	0.0	1.0	0.0
thelibertydaily.com	0.0	1.0	0.0
thelibertyeagle.com	0.0	1.0	0.0
thelibertyloft.com	0.0	1.0	0.0
themillenniumreport.com	0.0	1.0	0.0
thenational.ae	0.0	1.0	0.0
thenationalpatriot.com	0.0	1.0	0.0
thenationalpulse.com	0.0	1.0	0.0
thepatriotnation.net	0.0	1.0	0.0
thepoliticalinsider.com	0.0	1.0	0.0
thepostemail.com	0.0	1.0	0.0
theproudliberal.org	0.0	1.0	0.0
thepublicdiscourse.com	0.0	1.0	0.0
theragingpatriot.org	0.0	1.0	0.0
theregionnews.com	0.0	1.0	0.0
thereligionofpeace.com	0.0	1.0	0.0
therightscoop.com	0.0	1.0	0.0
therightstuff.biz	0.0	1.0	0.0
thescoop.us	0.0	1.0	0.0
thetruedefender.com	0.0	1.0	0.0
thetruereporter.com	0.0	1.0	0.0
thetruthvoice.net	0.0	1.0	0.0
theunionjournal.com	0.0	1.0	0.0
thewashingtonpundit.com	0.0	1.0	0.0
thewashingtonsentinel.com	0.0	1.0	0.0
thinkamericana.com	0.0	1.0	0.0
toofab.com	0.0	1.0	0.0
topekasun.com	0.0	1.0	0.0
toptopic.club	0.0	1.0	0.0
townhall.com	0.0	1.0	0.0
tplnews.com	0.0	1.0	0.0
tpusa.com	0.0	1.0	0.0
treasurecoastsun.com	0.0	1.0	0.0
treasurevalleytimes.com	0.0	1.0	0.0
trendingpolitics.com	0.0	1.0	0.0
trueactivist.com	0.0	1.0	0.0
trueviralnews.com	0.0	1.0	0.0
trump.news	0.0	1.0	0.0
trumpstudents.org	0.0	1.0	0.0
trumptrainnews.com	0.0	1.0	0.0
truthandaction.org	0.0	1.0	0.0
truthexam.com	0.0	1.0	0.0
truthinmedia.com	0.0	1.0	0.0
tucsonstandard.com	0.0	1.0	0.0
tularetimes.com	0.0	1.0	0.0
tuscaloosaleader.com	0.0	1.0	0.0
unclesamsmisguidedchildren.com	0.0	1.0	0.0
understandingthethreat.com	0.0	1.0	0.0
uniteamericafirst.com	0.0	1.0	0.0
unz.com	0.0	1.0	0.0
upperdeltanews.com	0.0	1.0	0.0
us24news.com	0.0	1.0	0.0
usafortrumponline.com	0.0	1.0	0.0
usaisonline.com	0.0	1.0	0.0
usanetwork.info	0.0	1.0	0.0
usareally.com	0.0	1.0	0.0
usasupreme.com	0.0	1.0	0.0
usbacklash.org	0.0	1.0	0.0
uschronicle.com	0.0	1.0	0.0
uslibertywire.com	0.0	1.0	0.0
usnationalnews.org	0.0	1.0	0.0
ussanews.com	0.0	1.0	0.0
vancouvertimes.org	0.0	1.0	0.0
vdare.com	0.0	1.0	0.0
verdugosnews.com	0.0	1.0	0.0
victorvalleytimes.com	0.0	1.0	0.0
vidmax.com	0.0	1.0	0.0
viralcocaine.com	0.0	1.0	0.0
viralhatch.com	0.0	1.0	0.0
visiontimes.com	0.0	1.0	0.0
voiceofeurope.com	0.0	1.0	0.0
wallbuilders.com	0.0	1.0	0.0
warnerrobinstoday.com	0.0	1.0	0.0
waronfakes.com	0.0	1.0	0.0
washingtontimes.com	0.0	1.0	0.0
waterlootimes.com	0.0	1.0	0.0
wcalabamanews.com	0.0	1.0	0.0
wcgeorgianews.com	0.0	1.0	0.0
wcindiananews.com	0.0	1.0	0.0
wciowanews.com	0.0	1.0	0.0
welovetrump.com	0.0	1.0	0.0
westatlantanews.com	0.0	1.0	0.0
westcentralreporter.com	0.0	1.0	0.0
westcontracostanews.com	0.0	1.0	0.0
westcooknews.com	0.0	1.0	0.0
westdsmnews.com	0.0	1.0	0.0
westeldoradonews.com	0.0	1.0	0.0
westernjournal.com	0.0	1.0	0.0
westflnews.com	0.0	1.0	0.0
westhillsboroughnews.com	0.0	1.0	0.0
westindynews.com	0.0	1.0	0.0
westlatimes.com	0.0	1.0	0.0
westoctimes.com	0.0	1.0	0.0
westpennyroyalnews.com	0.0	1.0	0.0
westsbvtimes.com	0.0	1.0	0.0
westsfvtoday.com	0.0	1.0	0.0
westsgvnews.com	0.0	1.0	0.0
westventuranews.com	0.0	1.0	0.0
westvolusianews.com	0.0	1.0	0.0
wethepeopledaily.com	0.0	1.0	0.0
whatstheharm.net	0.0	1.0	0.0
wichitastandard.com	0.0	1.0	0.0
willcountygazette.com	0.0	1.0	0.0
winecountrytimes.com	0.0	1.0	0.0
wingsoverscotland.com	0.0	1.0	0.0
wiregrasstimes.com	0.0	1.0	0.0
wnd.com	0.0	1.0	0.0
wokesloth.com	0.0	1.0	0.0
womenarehuman.com	0.0	1.0	0.0
worldstarhiphop.com	0.0	1.0	0.0
wyandottetimes.com	0.0	1.0	0.0
xinhuanet.com	0.0	1.0	0.0
yaliberty.org	0.0	1.0	0.0
yavapainews.com	0.0	1.0	0.0
yc.news	0.0	1.0	0.0
yellowhammertimes.com	0.0	1.0	0.0
yesimright.com	0.0	1.0	0.0
youm7.com	0.0	1.0	0.0
yubasuttertimes.com	0.0	1.0	0.0
z3news.com	0.0	1.0	0.0
2020ElectionCenter.com	0.0	0.0	1.0
21stcenturywire.com	0.0	0.0	1.0
369news.net	0.0	0.0	1.0
79Days.News	0.0	0.0	1.0
911truth.org	0.0	0.0	1.0
AltLeft.News	0.0	0.0	1.0
Anewspost.com	0.0	0.0	1.0
Apost.com	0.0	0.0	1.0
AskingAngels.com	0.0	0.0	1.0
Blckbx.tv	0.0	0.0	1.0
Bugout.news	0.0	0.0	1.0
CampusInsanity.com	0.0	0.0	1.0
Cancer.news	0.0	0.0	1.0
ChlorellaFactor.com	0.0	0.0	1.0
Climate.News	0.0	0.0	1.0
Collapse.News	0.0	0.0	1.0
CounterThink.com	0.0	0.0	1.0
DrNorthrup.com	0.0	0.0	1.0
Eugenics.News	0.0	0.0	1.0
Food.News	0.0	0.0	1.0
Freedom.News	0.0	0.0	1.0
Freeworldnews.TV	0.0	0.0	1.0
Gender.news	0.0	0.0	1.0
Geoengineering.News	0.0	0.0	1.0
Glitch.News	0.0	0.0	1.0
Goop.com	0.0	0.0	1.0
Health.News	0.0	0.0	1.0
Herbreference.com	0.0	0.0	1.0
Ingredients.News	0.0	0.0	1.0
JoeBiden.News	0.0	0.0	1.0
JunkScience.com	0.0	0.0	1.0
Liberty.News	0.0	0.0	1.0
Libtards.News	0.0	0.0	1.0
NationalSecurity.News	0.0	0.0	1.0
NaturalMedicine.News	0.0	0.0	1.0
NaturalNewsBlogs.com	0.0	0.0	1.0
NaturalPedia.com	0.0	0.0	1.0
NeuroNation.com	0.0	0.0	1.0
NoMoreFakeNews.com	0.0	0.0	1.0
NutrientReference.com	0.0	0.0	1.0
Pollution.News	0.0	0.0	1.0
RandPaul.News	0.0	0.0	1.0
Science.News	0.0	0.0	1.0
Snopes.News	0.0	0.0	1.0
Southfront.org	0.0	0.0	1.0
SupplementReference.com	0.0	0.0	1.0
Talknetwork.com	0.0	0.0	1.0
Technocracy.News	0.0	0.0	1.0
Treason.news	0.0	0.0	1.0
VoteFraud.News	0.0	0.0	1.0
WhiteHouse.news	0.0	0.0	1.0
WorldHealth.net	0.0	0.0	1.0
abovetopsecret.com	0.0	0.0	1.0
acallforanuprising.com	0.0	0.0	1.0
activistpost.com	0.0	0.0	1.0
additudemag.com	0.0	0.0	1.0
ae911truth.org	0.0	0.0	1.0
ageofautism.com	0.0	0.0	1.0
aim4truth.org	0.0	0.0	1.0
allianceforadvancedhealth.com	0.0	0.0	1.0
altermedzentrum.com	0.0	0.0	1.0
alternativenews.com	0.0	0.0	1.0
althealthworks.com	0.0	0.0	1.0
americandigitalnews.com	0.0	0.0	1.0
americanfreepress.net	0.0	0.0	1.0
americanpolicy.org	0.0	0.0	1.0
americasfrontlinedoctors.com	0.0	0.0	1.0
amg-news.com	0.0	0.0	1.0
amtvmedia.com	0.0	0.0	1.0
ancient-code.com	0.0	0.0	1.0
ancient-origins.net	0.0	0.0	1.0
anh-usa.org	0.0	0.0	1.0
anonhq.com	0.0	0.0	1.0
answersingenesis.org	0.0	0.0	1.0
anteplusmag.com	0.0	0.0	1.0
anyavien.com	0.0	0.0	1.0
asia-pacificresearch.com	0.0	0.0	1.0
assassinationscience.com	0.0	0.0	1.0
australiannationalreview.com	0.0	0.0	1.0
autismspeaks.org	0.0	0.0	1.0
awarenessact.com	0.0	0.0	1.0
beholdisrael.org	0.0	0.0	1.0
bestnewshere.com	0.0	0.0	1.0
biggovernment.news	0.0	0.0	1.0
biodefense.com	0.0	0.0	1.0
biologos.org	0.0	0.0	1.0
biotechexpressmag.com	0.0	0.0	1.0
blacklistednews.com	0.0	0.0	1.0
bonsens.info	0.0	0.0	1.0
brandnewtube.com	0.0	0.0	1.0
brighteon.com	0.0	0.0	1.0
brightside.me	0.0	0.0	1.0
carm.org	0.0	0.0	1.0
catholic.org	0.0	0.0	1.0
cbn.com	0.0	0.0	1.0
cfact.org	0.0	0.0	1.0
charismanews.com	0.0	0.0	1.0
childrenshealthdefense.org	0.0	0.0	1.0
christianscience.com	0.0	0.0	1.0
climatechangedispatch.com	0.0	0.0	1.0
climatedepot.com	0.0	0.0	1.0
climatism.blog	0.0	0.0	1.0
cnnsofake.news	0.0	0.0	1.0
coasttocoastam.com	0.0	0.0	1.0
collective-evolution.com	0.0	0.0	1.0
consciouslifenews.com	0.0	0.0	1.0
conspiracydailyupdate.com	0.0	0.0	1.0
consumerwellness.org	0.0	0.0	1.0
cosmicintelligenceagency.com	0.0	0.0	1.0
covid19criticalcare.com	0.0	0.0	1.0
creation.com	0.0	0.0	1.0
creationwiki.org	0.0	0.0	1.0
csglobe.com	0.0	0.0	1.0
curiousmindmagazine.com	0.0	0.0	1.0
dailyexpose.co.uk	0.0	0.0	1.0
dailygrail.com	0.0	0.0	1.0
dailyhealthpost.com	0.0	0.0	1.0
dailyoccupation.com	0.0	0.0	1.0
dailysceptic.org	0.0	0.0	1.0
darkjournalist.com	0.0	0.0	1.0
davidicke.com	0.0	0.0	1.0
davidwolfe.com	0.0	0.0	1.0
disclose.tv	0.0	0.0	1.0
discovery.org	0.0	0.0	1.0
disobedientmedia.com	0.0	0.0	1.0
doctoroz.com	0.0	0.0	1.0
doctors4covidethics.org	0.0	0.0	1.0
draxe.com	0.0	0.0	1.0
earthpulse.com	0.0	0.0	1.0
educate-yourself.org	0.0	0.0	1.0
educateinspirechange.org	0.0	0.0	1.0
electroverse.net	0.0	0.0	1.0
eluxemagazine.com	0.0	0.0	1.0
endtimeheadlines.org	0.0	0.0	1.0
escapeallthesethings.com	0.0	0.0	1.0
europereloaded.com	0.0	0.0	1.0
eutimes.net	0.0	0.0	1.0
evolutionnews.org	0.0	0.0	1.0
ewg.org	0.0	0.0	1.0
fabiosa.com	0.0	0.0	1.0
faithit.com	0.0	0.0	1.0
faithpanda.com	0.0	0.0	1.0
ff911truthandunity.org	0.0	0.0	1.0
foodbabe.com	0.0	0.0	1.0
foodmatters.com	0.0	0.0	1.0
foreverconscious.com	0.0	0.0	1.0
freedomadvocates.org	0.0	0.0	1.0
freedomainradio.com	0.0	0.0	1.0
friendsofscience.org	0.0	0.0	1.0
fromthetrenchesworldreport.com	0.0	0.0	1.0
gaia.com	0.0	0.0	1.0
geoengineeringwatch.org	0.0	0.0	1.0
geopolitics.co	0.0	0.0	1.0
getholistichealth.com	0.0	0.0	1.0
globalhealingcenter.com	0.0	0.0	1.0
globalresearch.ca	0.0	0.0	1.0
gmowatch.com	0.0	0.0	1.0
gmwatch.org	0.0	0.0	1.0
godandscience.org	0.0	0.0	1.0
godlikeproductions.com	0.0	0.0	1.0
gotquestions.org	0.0	0.0	1.0
govtslaves.com	0.0	0.0	1.0
greanvillepost.com	0.0	0.0	1.0
greenmedinfo.com	0.0	0.0	1.0
greenpeace.org	0.0	0.0	1.0
gulagbound.com	0.0	0.0	1.0
haarp.net	0.0	0.0	1.0
healingfoodreference.com	0.0	0.0	1.0
healingoracle.ch	0.0	0.0	1.0
healthandmoneynews.wordpress.com	0.0	0.0	1.0
healthimpactnews.com	0.0	0.0	1.0
healthnutnews.com	0.0	0.0	1.0
healthranger.com	0.0	0.0	1.0
healthrangerreport.com	0.0	0.0	1.0
healthy-holistic-living.com	0.0	0.0	1.0
healthyandnaturalworld.com	0.0	0.0	1.0
herb.co	0.0	0.0	1.0
higherperspectives.com	0.0	0.0	1.0
homeopathyjournal.net	0.0	0.0	1.0
homevaccineeducationnetwork.com	0.0	0.0	1.0
hsionline.com	0.0	0.0	1.0
humansarefree.com	0.0	0.0	1.0
iceagenow.info	0.0	0.0	1.0
icr.org	0.0	0.0	1.0
ihealthtube.com	0.0	0.0	1.0
iheartintelligence.com	0.0	0.0	1.0
illuminatiwatcher.com	0.0	0.0	1.0
independentsciencenews.org	0.0	0.0	1.0
infiniteunknown.net	0.0	0.0	1.0
informationclearinghouse.info	0.0	0.0	1.0
infowars.com	0.0	0.0	1.0
intellihub.com	0.0	0.0	1.0
investmentwatchblog.com	0.0	0.0	1.0
iowaclimate.org	0.0	0.0	1.0
irishsentinel.com	0.0	0.0	1.0
israelislamandendtimes.com	0.0	0.0	1.0
jedanews.com	0.0	0.0	1.0
jesus-is-savior.com	0.0	0.0	1.0
jesusdaily.com	0.0	0.0	1.0
judithcurry.com	0.0	0.0	1.0
larouchepac.com	0.0	0.0	1.0
latitudes.org	0.0	0.0	1.0
learntherisk.org	0.0	0.0	1.0
leftcult.com	0.0	0.0	1.0
legitgov.org	0.0	0.0	1.0
lesmoutonsrebelles.com	0.0	0.0	1.0
libertyplanets.com	0.0	0.0	1.0
libertyvideos.org	0.0	0.0	1.0
lifespa.com	0.0	0.0	1.0
littlethings.com	0.0	0.0	1.0
liveaction.org	0.0	0.0	1.0
livestrong.com	0.0	0.0	1.0
livingwhole.org	0.0	0.0	1.0
mediafactwatch.com	0.0	0.0	1.0
mediaroots.org	0.0	0.0	1.0
medicaldaily.com	0.0	0.0	1.0
medicalkidnap.com	0.0	0.0	1.0
medicalmedium.com	0.0	0.0	1.0
medicine.news	0.0	0.0	1.0
mercola.com	0.0	0.0	1.0
mindbodygreen.com	0.0	0.0	1.0
modernalternativemama.com	0.0	0.0	1.0
nationalfile	0.0	0.0	1.0
naturalawakeningsmag.com	0.0	0.0	1.0
naturalcures.com	0.0	0.0	1.0
naturalhealth365.com	0.0	0.0	1.0
naturallysavvy.com	0.0	0.0	1.0
naturalnews.com	0.0	0.0	1.0
naturalnewsradio.com	0.0	0.0	1.0
naturalsociety.com	0.0	0.0	1.0
needtoknow.news	0.0	0.0	1.0
neonnettle.com	0.0	0.0	1.0
newamericannews.com	0.0	0.0	1.0
newsbud.com	0.0	0.0	1.0
newsinsideout.com	0.0	0.0	1.0
newstarget.com	0.0	0.0	1.0
notrickszone.com	0.0	0.0	1.0
nowtheendbegins.com	0.0	0.0	1.0
nutritionfacts.com	0.0	0.0	1.0
nvic.org	0.0	0.0	1.0
off-guardian.org	0.0	0.0	1.0
online-updates.net	0.0	0.0	1.0
organicconsumers.org	0.0	0.0	1.0
organicfacts.net	0.0	0.0	1.0
ourhealthguides.com	0.0	0.0	1.0
oye.news	0.0	0.0	1.0
pandemic.news	0.0	0.0	1.0
patriots4truth.org	0.0	0.0	1.0
pdmj.org	0.0	0.0	1.0
peta.org	0.0	0.0	1.0
physiciansforinformedconsent.org	0.0	0.0	1.0
prepareforchange.net	0.0	0.0	1.0
pressfortruth.ca	0.0	0.0	1.0
prevention.com	0.0	0.0	1.0
principia-scientific.org	0.0	0.0	1.0
prisonplanet.com	0.0	0.0	1.0
prophecynewswatch.com	0.0	0.0	1.0
prophecytoday.com	0.0	0.0	1.0
qanon.pub	0.0	0.0	1.0
rapturenewsnetwork.com	0.0	0.0	1.0
realclimatescience.com	0.0	0.0	1.0
realfarmacy.com	0.0	0.0	1.0
realjewnews.com	0.0	0.0	1.0
realnews24.com	0.0	0.0	1.0
redoubtnews.com	0.0	0.0	1.0
redpillpodcasts.com	0.0	0.0	1.0
rense.com	0.0	0.0	1.0
responsibletechnology.org	0.0	0.0	1.0
returntonow.net	0.0	0.0	1.0
revolutionradio.org	0.0	0.0	1.0
sanevax.org	0.0	0.0	1.0
savethemales.ca	0.0	0.0	1.0
sciencevibe.com	0.0	0.0	1.0
sgtreport.com	0.0	0.0	1.0
sheepkillers.com	0.0	0.0	1.0
shoebat.com	0.0	0.0	1.0
sitsshow.blogspot.com	0.0	0.0	1.0
skeptiko.com	0.0	0.0	1.0
sott.net	0.0	0.0	1.0
space.news	0.0	0.0	1.0
stormfront.org	0.0	0.0	1.0
stream.org	0.0	0.0	1.0
sustainablepulse.com	0.0	0.0	1.0
swprs.org	0.0	0.0	1.0
thealternativedaily.com	0.0	0.0	1.0
theantimedia.com	0.0	0.0	1.0
theautomaticearth.com	0.0	0.0	1.0
thecommonsenseshow.com	0.0	0.0	1.0
thedailysheeple.com	0.0	0.0	1.0
thefreethoughtproject.com	0.0	0.0	1.0
thefullertoninformer.com	0.0	0.0	1.0
thehealthyamerican.org	0.0	0.0	1.0
theheartysoul.com	0.0	0.0	1.0
thehighwire.com	0.0	0.0	1.0
thelibertybeacon.com	0.0	0.0	1.0
themindunleashed.org	0.0	0.0	1.0
thepuristonline.com	0.0	0.0	1.0
therundownlive.com	0.0	0.0	1.0
thetrumpet.com	0.0	0.0	1.0
thetruthaboutcancer.com	0.0	0.0	1.0
thetruthseeker.co.uk	0.0	0.0	1.0
thevaccinereaction.org	0.0	0.0	1.0
thinkinghumanity.com	0.0	0.0	1.0
thoughtcatalog.com	0.0	0.0	1.0
thoughtcrimeradio.net	0.0	0.0	1.0
thriveglobal.com	0.0	0.0	1.0
thrivemovement.com	0.0	0.0	1.0
trialsitenews.com	0.0	0.0	1.0
truepundit.com	0.0	0.0	1.0
trunews.com	0.0	0.0	1.0
twisted.news	0.0	0.0	1.0
ukcolumn.org	0.0	0.0	1.0
usahitman.com	0.0	0.0	1.0
usawatchdog.com	0.0	0.0	1.0
vaccineimpact.com	0.0	0.0	1.0
vaccines.news	0.0	0.0	1.0
vaccinesafety.info	0.0	0.0	1.0
vaccinesrevealed.com	0.0	0.0	1.0
vactruth.com	0.0	0.0	1.0
vaxxter.com	0.0	0.0	1.0
vermontindependent.org	0.0	0.0	1.0
veteranstoday.com	0.0	0.0	1.0
vigilantcitizen.com	0.0	0.0	1.0
wakingtimes.com	0.0	0.0	1.0
wattsupwiththat.com	0.0	0.0	1.0
wearechange.org	0.0	0.0	1.0
westonaprice.org	0.0	0.0	1.0
whatdoesitmean.com	0.0	0.0	1.0
whatreallyhappened.com	0.0	0.0	1.0
wikispooks.com	0.0	0.0	1.0
worldaffairsbrief.com	0.0	0.0	1.0
worldcouncilforhealth.org	0.0	0.0	1.0
worlddoctorsalliance.com	0.0	0.0	1.0
worldlifestyle.com	0.0	0.0	1.0
worldtruth.tv	0.0	0.0	1.0
x22report.com	0.0	0.0	1.0
zerohedge.com	0.0	0.0	1.0
